Sample_Date,Sample_Latitude,Sample_Longitude,Water_Temperature__approximate_,Sample_Volume__L_,Total_Pieces,Total_Pieces_L
1.43683E+12,73.62611667,-81.36758333,0,1.55,187,116.875
1.43683E+12,73.62611667,-81.36758333,0,1.6,178,107.8787879
1.41679E+12,17.12183333,-37.43333333,0,1.2,94,75.2
1.43683E+12,73.6265,-81.36286667,0,1.65,84,49.41176471
1.43683E+12,73.6265,-81.36286667,0,1.7,77,44
1.41644E+12,16.84816667,-28.2345,0,1.2,52,41.6
1.43683E+12,73.62611667,-81.36758333,0,1.6,68,41.21212121
1.41722E+12,16.24183333,-48.62333333,0,1.2,47,37.6
1.38568E+12,-64.8439,-62.5312,0,1.025,34,31.62790698
1.43683E+12,73.6265,-81.36286667,0,1.65,52,30.58823529
1.41765E+12,14.44361111,-58.46583333,0,1.2,24,19.2
1.41679E+12,25.61118333,-18.86296667,0,1.2,24,19.2
1.46612E+12,81.09,15.5,0,1.075,17,15.81395349
1.39769E+12,64.1817,-51.5262,0,1,15,14.28571429
1.41722E+12,20.37431667,-26.70003333,0,1.2,14,11.2
1.41687E+12,17.44055556,-38.88944444,0,1.2,13,10.4
1.41592E+12,19.61972222,-21.37277778,0,1.2,13,10.4
1.41558E+12,26.39,-16.05944444,0,1.2,9,7.2
1.44642E+12,21.016144,-156.639876,0,1.7,11,6.285714286
1.41748E+12,21.01851667,-37.79991667,0,1.25,8,6.153846154
1.41774E+12,17.12088333,-46.43686667,0,1.25,8,6.153846154
1.46621E+12,79.96,18.62,0,1.075,6,5.581395349
1.41817E+12,14.15976667,-51.96058333,0,1.2,6,4.8
1.41834E+12,13.46786667,-57.38666667,0,1.2,6,4.8
1.41722E+12,16.33583333,-48.56055556,0,1.2,6,4.8
1.41696E+12,25.63833333,-19.64,0,1.25,5,3.846153846
1.418E+12,14.26136667,-54.28093333,0,1.25,4,3.076923077
1.44919E+12,60.33072,-148.01997,0,1,3,3
1.41653E+12,17.1,-29.97555556,0,1.2,3,2.4
1.41782E+12,15.15626667,-41.09096667,0,1.2,2,1.6
1.41843E+12,14.12806667,-60.79105,0,1.2,0,0
1.44919E+12,60.484764,-148.343776,0.3,0.9,12,13.33333333
1.38724E+12,-65.1775,-64.1291,0.5,1.1,134,116.5217391
1.44945E+12,60.476233,-147.47189,0.5,1,3,3
1.47226E+12,69.06988,-95.05578,1,1.075,72,66.97674419
1.47182E+12,68.50928,-101.72495,1,1.1,42,38.18181818
1.44107E+12,76.53914,-81.246405,1,1.15,9,7.5
1.3938E+12,66.1741,-23.2302,1,1.1,7,6.086956522
1.43286E+12,77.38339,13.83342,1,1.9,6,3.157894737
1.44919E+12,60.485862,-148.268703,1.111111111,1.25,4,3.2
1.45368E+12,-64.541524,-61.995803,1.3,1,6,6
1.44945E+12,60.518789,-147.35228,1.7,1,3,3
1.38707E+12,-64.5771,-62.2257,2,0.95,12,12
1.46578E+12,78.3,13.93,2,1.085,2,1.843317972
1.425E+12,-2.329292,140.083849,2,1.025,1,0.975609756
1.47061E+12,70.72458,-147.25027,2.2,1.1,154,140
1.44927E+12,60.212917,-147.171583,2.5,1.3,7,5.384615385
1.47131E+12,68.40548,-111.93873,2.8,1.075,113,105.1162791
1.47113E+12,70.32363,-122.89848,2.8,1.1,113,102.7272727
1.44927E+12,60.153596,-147.329578,2.8,1,8,8
1.44919E+12,60.466666,-148.39903,2.8,1.2,7,5.833333333
1.45394E+12,-64.823977,-63.484497,2.8,1.2,7,5.833333333
1.48608E+12,-58.4282667,-64.1639667,2.9,1.05,11,10.47619048
1.4542E+12,-64.817176,-63.5025,2.9,1,4,4
1.38646E+12,-62.0955,-59.9032,3,1.15,21,17.5
1.42681E+12,-54.73725,-69.61313333,3,1.2,16,12.8
1.43415E+12,69.03017,-16.62,3,1.9,18,9.230769231
1.44901E+12,60.311944,-148.055605,3,1,7,7
1.41661E+12,-54.057,-37.3321,3,1.1,7,6.086956522
1.38646E+12,-62.4113,-59.7428,3,0.95,2,2
1.46664E+12,79,12.23,3,1.075,0,0
1.47096E+12,70.07197,-135.40517,3.2,1.1,101,91.81818182
1.45368E+12,-64.655973,-62.129507,3.2,1.2,5,4.166666667
1.38516E+12,-54.434,-36.187,3.5,1.1,15,13.04347826
1.38499E+12,-54.1567,-36.7097,3.5,1.15,11,9.166666667
1.48651E+12,-64.54003333,-61.99863333,3.5,1.05,6,5.714285714
1.47252E+12,61.14436,-165.3639,3.888888889,1.025,2,1.951219512
1.44824E+12,60.373506,-146.231834,3.9,1,6,6
1.43631E+12,63.68133,-51.63917,4,1.15,26,21.66666667
1.3856E+12,-54.941,-69.157,4,1,10,10
1.43562E+12,60.42217,-42.483,4,1.15,10,8.333333333
1.41782E+12,47.2109,-122.9087,4,1.35,3,2.142857143
1.3856E+12,-54.941,-69.1525,4,1,1,1
1.47269E+12,71.82675,-93.69878,4.2,1.1,49,44.54545455
1.38568E+12,-54.9338,-67.6162,4.5,1,1,1
1.38508E+12,-54.132,-36.826,5,0.95,12,12
1.46016E+12,58.3,-152.06,5,1.2,3,2.5
1.45964E+12,58.4,-152.3,5,1.2,3,2.5
1.42698E+12,39.95373,-74.19792,5,1.25,3,2.307692308
1.41653E+12,-54.2844,-36.5065,5,1.05,2,1.818181818
1.44089E+12,58.27733,8.901667,5,1.15,2,1.666666667
1.46267E+12,70.668056,25.389722,5,1.05,1,0.952380952
1.44901E+12,60.03022,-148.038987,5.3,1,4,4
1.44901E+12,60.04515,-147.55605,5.5,1,4,4
1.47364E+12,61.03802,-66.93245,5.5,1.1,4,3.636363636
1.47286E+12,69.67642,-81.94312,5.7,1.1,37,33.63636364
1.43476E+12,65.705569,-21.665213,6,1.4,11,7.586206897
1.46258E+12,59.86,-149.11,6,1.175,8,6.808510638
1.43476E+12,65.683027,-18.086119,6,1.35,7,5
1.47666E+12,78.36928,15.73049,6,1.05,0,0
1.47329E+12,65.2585,-78.7545,6.2,1.1,25,22.72727273
1.42672E+12,-54.93996667,-69.15401667,6.3,1.25,9,6.923076923
1.4351E+12,66.017788,-23.448292,6.5,1.35,14,10
1.4377E+12,57.30011667,-133.71685,6.67,1.25,4,3.076923077
1.43536E+12,59.87472,-149.7407,6.7,1.25,10,7.692307692
1.42076E+12,57.0428,-135.32501,6.7,1.15,3,2.5
1.44107E+12,57.91061667,-133.50505,6.89,1.2,27,21.6
1.39933E+12,40.1117,-72.4767,6.9,1.3,87,64.44444444
1.38499E+12,-54.8869,-67.9369,7,1,6,6
1.41601E+12,47.38,-122.6407,7,1.35,2,1.428571429
1.42076E+12,57.10157,-135.40662,7,1.05,1,0.909090909
1.42076E+12,57.05247,-135.34912,7,1.1,1,0.869565217
1.46405E+12,60.7,-147.07,7,1.14,0,0
1.38516E+12,-54.7383,-69.6171,7.1,1,12,12
1.42076E+12,57.03253,-135.39468,7.1,1.15,2,1.666666667
1.43528E+12,59.7732,-150.0451,7.1,1.25,2,1.538461538
1.42076E+12,57.03858,-135.3736,7.2,1.2,19,15.2
1.43156E+12,60.19458333,-145.3325,7.2,1.3,4,2.962962963
1.39925E+12,59.579,-151.423,7.22,1.15,7,5.833333333
1.39925E+12,59.609,-151.349,7.22,1.15,0,0
1.48591E+12,-53.86423,-72.18653,7.8,1.25,3,2.4
1.42093E+12,57.685798,-2.001086,7.8,1.3,1,0.740740741
1.42707E+12,-54.54528333,-71.90823333,8,1.25,4,3.076923077
1.41601E+12,47.3421,-122.776,8,1.25,3,2.307692308
1.41592E+12,47.3321,-122.5804,8,1.15,1,0.833333333
1.49083E+12,-51.93445,-58.01267,8,1.035,0,0
1.42716E+12,-54.4125,-71.25286667,8.2,1.25,38,29.23076923
1.42716E+12,-54.5059,-72.02303333,8.3,1.3,6,4.444444444
1.479E+12,37.63073,-76.33842,8.333333333,1,1,1
1.41324E+12,58.00415,-153.268494,8.5,1.2,18,14.4
1.42517E+12,47.536529,-122.472239,8.5,1.25,0,0
1.39925E+12,39.095,-73.73,8.8,1.15,48,40
1.4472E+12,45.44075,12.32145,8.888888889,0.95,1,1.052631579
1.479E+12,37.6707,-76.30738,8.888888889,1,0,0
1.479E+12,37.68993,-76.34219,8.888888889,1,0,0
1.48617E+12,-55.96066,-67.22369,8.9,1.275,3,2.352941176
1.48617E+12,-55.96479,-67.21429,8.9,1.25,2,1.6
1.48651E+12,-55.83443,-67.5218,8.9,1.25,2,1.6
1.43243E+12,60.39033333,-145.7124333,8.9,1.25,1,0.769230769
1.48634E+12,-56.51716,-68.71955,8.9,1.275,0,0
1.48643E+12,-55.82639,-67.27045,8.9,1.25,0,0
1.48651E+12,-55.81012,-67.51534,8.9,1.265,0,0
1.41748E+12,47.2972,-122.4301,9,1.2,41,32.8
1.41748E+12,47.1722,-122.603,9,1.15,23,19.16666667
1.41774E+12,47.5122,-122.4973,9,1.15,16,13.33333333
1.41774E+12,47.7292,-122.5516,9,1.15,9,7.5
1.41765E+12,47.3001,-122.5335,9,1.15,6,5
1.44625E+12,-43.57150674,172.7713555,9,1.3,3,2.222222222
1.42569E+12,48.134811,-122.83977,9.1,1.15,14,11.66666667
1.47649E+12,-54.12329167,-71.00786667,9.2,1.1,2,1.818181818
1.38516E+12,-54.9431,-69.4812,9.3,1,1,1
1.41903E+12,48.117592,-122.751408,9.38,1.25,3,2.307692308
1.41947E+12,47.867867,-122.63503,9.39,1.25,4,3.076923077
1.43415E+12,60.008,-149.404,9.4,1.25,20,15.38461538
1.47977E+12,-54.80639167,-64.36921667,9.7,1.1,6,5.454545455
1.47623E+12,-54.42706667,-69.86105,9.8,1.075,3,2.790697674
1.41696E+12,47.803319,-122.676269,9.9,1.15,1,0.833333333
1.43536E+12,59.9816,-139.4553667,10,1.2,16,12.8
1.43752E+12,57.17495,-133.1069333,10,1.2,12,9.6
1.47528E+12,60.774,-147.029,10,1.1,7,6.363636364
1.47511E+12,60.991,-147.587,10,1.1,5,4.545454545
1.42266E+12,46.229261,-124.02341,10,1.25,3,2.307692308
1.43381E+12,46.450556,-63.461667,10,1.3,3,2.222222222
1.43389E+12,46.455278,-63.293611,10,1.3,3,2.222222222
1.4332E+12,46.229167,-63.124167,10,1.2,2,1.6
1.43433E+12,52.1173,-131.1566,10,1.2,2,1.6
1.48625E+12,-56.5195,-68.70136,10,1.25,2,1.6
1.4866E+12,-55.7586,-67.48488,10,1.25,2,1.6
1.4866E+12,-55.7504,-67.47913,10,1.25,2,1.6
1.48677E+12,-55.52999,-67.60627,10,1.25,2,1.6
1.4332E+12,46.23,-63.145556,10,1.25,2,1.538461538
1.43381E+12,46.388333,-63.7825,10,1.25,2,1.538461538
1.43986E+12,62.39033,-10.2745,10,1.2,1,0.8
1.48677E+12,-55.62416,-67.48398,10,1.25,1,0.8
1.41903E+12,47.550434,-122.626476,10,1.2,0,0
1.43623E+12,-43.568965,172.762724,10,1.25,0,0
1.46448E+12,63.127924,18.82602,10,1.075,0,0
1.47476E+12,60.797,-148.093,10,1.1,0,0
1.48668E+12,-55.75012,-67.50832,10,1.25,0,0
1.48668E+12,-55.59039,-67.52548,10,1.275,0,0
1.48677E+12,-55.6251,-67.48141,10,1.225,0,0
1.38456E+12,37.8014,-76.2905,10.1,1.15,12,10
1.3843E+12,38.3314,-76.4596,10.2,1,3,3
1.41782E+12,57.166746,-2.079351,10.6,1.2,0,0
1.45454E+12,-55.295339,-66.837689,10.7,1.2,1,0.833333333
1.38456E+12,37.3026,-76.2937,10.8,1.35,10,7.142857143
1.43934E+12,48.56968,-46.36145,10.87777778,0.9,4,4.444444444
1.37264E+12,59.6387167,-153.3956667,11,1,17,17
1.38473E+12,-51.6918,-57.8586,11,1.15,15,12.5
1.45472E+12,-54.934913,-67.61865,11,1,6,6
1.47545E+12,60.678,-145.941,11,1.1,3,2.727272727
1.43424E+12,49.52668,-124.63335,11,1.25,3,2.4
1.37264E+12,59.3929667,-153.50715,11,1,2,2
1.4402E+12,-37.458,-55.868,11,1.2,1,0.833333333
1.46629E+12,-43.571806,172.7665,11,1.08,0,0
1.46413E+12,56.33388,-6.38302,11,1.03,0,0
1.46431E+12,56.8307,-6.15612,11,1.04,0,0
1.4345E+12,60.03106,-149.43946,11.1,1.2,10,8
1.45472E+12,-54.874657,-68.022979,11.1,1,7,7
1.43441E+12,60.06606,-149.43947,11.1,1.25,9,6.923076923
1.41722E+12,58.473832,-3.100779,11.2,1.25,3,2.307692308
1.44573E+12,48.733889,-123.1875,11.4,1.3,12,8.888888889
1.458E+12,38.8592,-76.5101,11.7,1,5,5
1.42862E+12,-40.78425,-56.83005,11.9,1.3,27,20
1.47995E+12,-54.73755,-63.86291667,11.9,1.1,10,9.090909091
1.37264E+12,59.3414667,-153.5497667,12,1,14,14
1.41808E+12,-45.908697,170.512847,12,1.25,6,4.615384615
1.47156E+12,67.456087,-95.357297,12,1.075,2,1.860465116
1.44573E+12,48.810111,-123.318694,12,1.15,2,1.666666667
1.42137E+12,36.960833,-122.012222,12,1.3,2,1.481481481
1.49075E+12,-52.97234574,-60.03706179,12,0.985,1,1.015228426
1.37264E+12,59.3786833,-153.5208667,12,1,1,1
1.45524E+12,-38.05912813,140.7992117,12,1,0,0
1.47519E+12,60.967,-147.392,12,1.1,0,0
1.47053E+12,-38.46927,144.085317,12,1,0,0
1.41834E+12,45.660404,-123.930485,12.1,1.3,0,0
1.41834E+12,45.554362,-123.89967,12.11,1.25,0,0
1.42828E+12,-47.00316667,-56.42195,12.2,1.25,6,4.615384615
1.43545E+12,59.85748,-149.6314,12.2,1.2,3,2.4
1.42819E+12,36.957915,-121.968467,12.2,1.8,2,1.081081081
1.44772E+12,38.8663,-76.4925,12.22,1,13,13
1.45791E+12,37.788174,-122.491338,12.22222222,1.075,2,1.860465116
1.45791E+12,37.788174,-122.491338,12.22222222,0.925,1,1.081081081
1.43977E+12,51.40311,-30.18214,12.37777778,1,5,5
1.43536E+12,66.434639,-163.272417,12.6,0.95,4,4
1.42854E+12,-43.25095,-57.86403333,12.7,1.3,7,5.185185185
1.48487E+12,-40.35841,-9.88118,12.778,1.285,3,2.33463035
1.48487E+12,-40.34383,-9.87643,12.778,1.285,1,0.778210117
1.48496E+12,-40.32334,-9.89622,12.778,1.365,1,0.732600733
1.458E+12,38.879,-76.521,12.8,1,9,9
1.4396E+12,50.56946,-36.16327,12.85,1,2,2
1.37264E+12,59.3736,-153.4480667,13,1,71,71
1.37264E+12,59.3681333,-153.5523333,13,1,10,10
1.41964E+12,36.547222,-121.930278,13,1.3,3,2.222222222
1.49057E+12,-54.77671238,-64.04878624,13,1.055,2,1.895734597
1.42819E+12,46.270759,-124.074542,13,1.25,2,1.538461538
1.42137E+12,36.959167,-122.001389,13,1.3,2,1.481481481
1.39311E+12,38.15334,-122.88948,13,1,0,0
1.45359E+12,-37.16196181,139.7618177,13,1.02,0,0
1.47122E+12,-38.662567,143.865095,13,1.025,0,0
1.4707E+12,-38.383071,144.257172,13,0.945,0,0
1.38473E+12,36.8463,-76.3002,13.4,0.95,4,4
1.42525E+12,36.9575,-122.024722,13.5,1.3,4,2.962962963
1.42845E+12,-44.93216667,-57.13673333,13.6,1.25,17,13.07692308
1.437E+12,60.04952,-149.44315,13.9,1.15,10,8.333333333
1.437E+12,60.04422,-149.4409,13.9,1,8,7.619047619
1.43821E+12,59.94463,-149.29577,13.9,1.2,9,7.2
1.44115E+12,45.2461,-61.22393333,14,1.05,17,15.45454545
1.42249E+12,36.957222,-121.966944,14,1.3,3,2.222222222
1.43467E+12,42.8,-59.9,14,0.95,2,2.105263158
1.41039E+12,-42.24,-64.05,14,1.15,2,1.666666667
1.43415E+12,52.3732,-131.356,14,1.15,2,1.666666667
1.43407E+12,-43.610071,146.821896,14,1.25,2,1.6
1.42266E+12,36.846111,-121.808333,14,1.3,2,1.481481481
1.43364E+12,50.779417,0.054094,14,1,1,0.952380952
1.44703E+12,-42.74051,147.207052,14,1.1,0,0
1.41808E+12,-45.893411,170.517767,14.05,1.15,2,1.666666667
1.47675E+12,37.86039739,-122.4725689,14.44444444,1.05,0,0
1.41895E+12,36.655556,-121.825833,14.5,1.25,1,0.769230769
1.41912E+12,36.955,-122.024444,14.5,1.3,1,0.740740741
1.4345E+12,50.16668,-125.3352,15,1.25,12,9.6
1.39501E+12,-46.475,169.7,15,1.1,10,8.695652174
1.40936E+12,58.12964,-136.43672,15,1.2,4,3.2
1.47606E+12,50.32258,-5.20192,15,1.075,3,2.790697674
1.4275E+12,33.9854,-119.6378,15,1.1,3,2.608695652
1.47614E+12,50.3201,-5.23333,15,1.025,2,1.951219512
1.47614E+12,50.32255,-5.2224,15,1.05,2,1.904761905
1.4764E+12,50.29642,-5.24134,15,1.05,1,0.952380952
1.47606E+12,50.3288,-5.19319,15,1.075,1,0.930232558
1.41895E+12,36.658056,-121.824722,15,1.25,0,0
1.45256E+12,-38.03473913,140.6198572,15,1.025,0,0
1.47606E+12,50.32471,-5.19983,15,1.035,0,0
1.47606E+12,50.33765,-5.18345,15,1.05,0,0
1.47614E+12,50.32274,-5.20577,15,1.05,0,0
1.47614E+12,50.32275,-5.21185,15,1.075,0,0
1.44012E+12,-35.632,-55.158,15.1,1,22,22
1.44737E+12,38.8992,-76.4797,15.2,1,8,8
1.39674E+12,32.576721,-117.133016,15.56,1.2,3,2.4
1.43942E+12,-34.53,-53.86,15.9,1,2,2
1.43761E+12,42,-49.1,15.9,0.925,1,1.081081081
1.40772E+12,55.19839,-131.15373,16,1.2,9,7.2
1.43364E+12,50.5811833,-2.4153333,16,1.2,8,6.4
1.44755E+12,-42.913731,147.360354,16,1.2,2,1.666666667
1.4142E+12,41.115233,-73.330736,16,1.25,1,0.769230769
1.42871E+12,28.295049,-115.577844,16.66666667,0.95,3,3
1.39501E+12,32.76428,-117.170077,16.67,1.2,52,41.6
1.4027E+12,41.4793,-71.3283,16.8,1.05,10,9.090909091
1.49023E+12,-54.81363059,-68.30629231,16.9,1.015,6,5.911330049
1.4294E+12,24.778801,-112.256906,16.94444444,0.92,2,2.06185567
1.44115E+12,49.485642,-124.353517,17,1.25,7,5.384615385
1.42672E+12,34.2421,-119.2627,17,1.6,3,1.818181818
1.42759E+12,33.4524,-119.0053,17,1.15,1,0.833333333
1.41471E+12,32.429,-80.682,17,1.35,0,0
1.49023E+12,-54.8861,-67.2688,17.2,1.075,3,2.790697674
1.44461E+12,37.625939,-76.409586,17.2,1,2,2
1.44426E+12,41.56333,-71.23667,17.222,1,2,2
1.44253E+12,41.53705,-71.40441,17.222,1,2,2
1.44193E+12,43.5,-30.7,17.4,0.9,3,3.333333333
1.43934E+12,-33.218,-51.063,17.6,1.2,0,0
1.48556E+12,-37.28726,-12.69707,17.778,1.275,2,1.568627451
1.48556E+12,-37.28541,-12.6657,17.778,1.225,1,0.816326531
1.48461E+12,-37.06098,-12.30006,17.778,1.25,1,0.8
1.48548E+12,-37.30469,-12.64304,17.778,1.25,1,0.8
1.48461E+12,-37.07031,-12.24409,17.778,1.275,1,0.784313725
1.4847E+12,-37.07833,-12.33173,17.778,1.275,1,0.784313725
1.48548E+12,-37.29302,-12.64431,17.778,1.275,1,0.784313725
1.48565E+12,-37.41821,-12.48476,17.778,1.275,1,0.784313725
1.48478E+12,-37.41524,-12.47443,17.778,1.285,1,0.778210117
1.4847E+12,-37.09443,-12.34537,17.778,1.3,0,0
1.48548E+12,-37.31267,-12.66201,17.778,1.245,0,0
1.48565E+12,-37.42353,-12.47042,17.778,1.285,0,0
1.48573E+12,-37.43067,-12.48154,17.778,1.285,0,0
1.45143E+12,-20.187121,-70.180562,17.8,1.2,0,0
1.42508E+12,28.74005,-13.860787,18,1.25,48,36.92307692
1.42508E+12,28.544557,-14.064403,18,1.15,40,33.33333333
1.41696E+12,24.72916667,-19.29683333,18,1.25,34,26.15384615
1.42508E+12,28.355649,-13.877698,18,1.2,25,20
1.42508E+12,28.711806,-14.011643,18,1.2,22,17.6
1.42517E+12,28.689534,-14.013904,18,1.25,11,8.461538462
1.42914E+12,26.239577,-112.474262,18.05555556,1.2,2,1.6
1.40979E+12,44.69592,-1.26258,18.3,1.3,4,2.962962963
1.44452E+12,41.631944,-71.403889,18.333,1,1,1
1.42906E+12,26.732861,-113.542154,18.33333333,1,3,2.857142857
1.41964E+12,37.34472,9.741111,18.4,1.25,0,0
1.44461E+12,37.58982,-76.2855,18.8,1.2,29,24.16666667
1.39501E+12,32.7565765,-117.247553,18.89,1.15,4,3.333333333
1.42819E+12,32.407899,-117.240017,18.91111111,0.95,1,1
1.41791E+12,18.22583333,-45.857,19,1.25,64,49.23076923
1.42871E+12,-37.74108333,-56.52986667,19,1.35,13,9.285714286
1.42957E+12,24.301023,-111.70709,19,0.9,7,7.368421053
1.39838E+12,32.925395,-117.249481,19,0.95,4,4
1.43381E+12,46.432222,-63.318333,19,1.3,4,2.962962963
1.42767E+12,32.8454,-118.3583,19,1.45,2,1.333333333
1.45644E+12,-38.03774,140.94376,19,0.98,0,0
1.45169E+12,-20.646684,-70.19815,19.2,1.1,0,0
1.41186E+12,40.478162,-74.016266,19.4,1.3,4,2.962962963
1.44461E+12,37.631705,-76.436581,19.4,1,2,2
1.44262E+12,32.631528,-117.104222,19.44444444,1.15,5,4.166666667
1.41696E+12,26.34333333,-20.96333333,19.6,1.25,25,19.23076923
1.41549E+12,-33.799049,151.291585,19.7,1.3,6,4.444444444
1.4154E+12,-33.919823,151.26097,19.7,1.35,6,4.285714286
1.4154E+12,-33.893004,151.282359,19.7,1.25,2,1.538461538
1.4154E+12,-33.945854,151.2608,19.7,1.25,1,0.769230769
1.41826E+12,15.52633333,-56.18,20,1.25,40,30.76923077
1.41722E+12,21.318,-28.0175,20,1.2,19,15.2
1.44262E+12,32.632222,-117.105583,20,1.25,5,3.846153846
1.44262E+12,32.632056,-117.105917,20,1.25,5,3.846153846
1.42422E+12,-37.923667,144.986456,20,1.45,4,2.666666667
1.40003E+12,-35.213333,174.135,20,1.15,3,2.5
1.44107E+12,49.485642,-124.353517,20,1.2,3,2.4
1.4154E+12,-33.845626,151.281178,20,1.25,3,2.307692308
1.44072E+12,49.485642,-124.353517,20,1.25,3,2.307692308
1.4097E+12,44.68741,-1.23216,20,1.3,3,2.222222222
1.4154E+12,-33.987899,151.229558,20,1.3,3,2.222222222
1.41549E+12,-33.853602,151.208683,20,1.3,3,2.222222222
1.41549E+12,-33.800397,151.285572,20,1.35,3,2.142857143
1.44063E+12,49.485642,-124.353517,20,1.3,0,0
1.44072E+12,49.485642,-124.353517,20,1.25,0,0
1.46906E+12,42.95218,-9.19063,20,1.275,0,0
1.48375E+12,27.10986,142.20438,20,1.05,0,0
1.41065E+12,43.1094,3.11435,20.1,1.3,3,2.222222222
1.39596E+12,-34.6,21.2,20.2,1.15,13,10.83333333
1.41705E+12,23.783563,-22.70022,20.5,1.2,75,60
1.41705E+12,24.25666667,-20.63,20.5,1.15,8,6.666666667
1.46854E+12,41.4947,-71.0185,20.55555556,1,0,0
1.41696E+12,25.01333333,-20.67301667,20.6,1.25,16,12.30769231
1.41575E+12,22.83416667,-18.9109,20.8,1.25,20,15.38461538
1.41687E+12,27.1,-22.46,20.8,1.25,7,5.384615385
1.41722E+12,22.59148333,-31.70966667,20.9,1.25,11,8.461538462
1.41756E+12,18.4875,-35.67416667,21,1.2,34,27.2
1.42206E+12,17.0463,-29.3447,21,1.2,22,17.6
1.41782E+12,36.88667,10.33028,21,1.3,2,1.481481481
1.43916E+12,-29.71,-46.582,21,1,1,1
1.39882E+12,-27.1,9.8,21.1,1.25,76,58.46153846
1.41152E+12,33.1155,-122.512,21.1,0.95,29,29
1.41152E+12,33.1155,-122.512,21.1,0.95,27,27
1.4288E+12,-35.98133333,-56.77021667,21.2,1.25,14,10.76923077
1.44444E+12,39.0558,-76.2883,21.21,0.95,32,32
1.43925E+12,-31.696,-48.56,21.3,1.1,10,9.090909091
1.44228E+12,41.201806,-71.560333,21.44444444,1.25,8,6.153846154
1.41731E+12,21.31,-28.02,21.5,1.2,8,6.4
1.41117E+12,30.1093,-136.2664,21.6,0.95,8,8
1.41566E+12,24.94333333,-18.17166667,21.7,1.2,19,15.2
1.41126E+12,31.697,-129.0366,21.8,0.95,20,20
1.41134E+12,31.697,-129.0366,21.8,0.95,13,13
1.41722E+12,29.53,-29.2,21.9,1.2,9,7.2
1.41722E+12,22.38333333,-29.5,22,1.25,66,50.76923077
1.41748E+12,19.2,-41.78333333,22,1.2,48,38.4
1.41808E+12,15.6301,-40.54681667,22,1.2,37,29.6
1.41437E+12,34.2083,-77.7985,22,1.25,16,12.30769231
1.41774E+12,17.76666667,-47.13333333,22,1.25,9,6.923076923
1.42465E+12,27.7306,34.19273,22,1.3,8,5.925925926
1.43847E+12,40.4,-44.01,22,0.99,2,2.02020202
1.46059E+12,23.46238,-109.4078,22,1.2,2,1.666666667
1.41817E+12,22.67,-64.81,22,1.25,1,0.769230769
1.48332E+12,27.09369,142.19324,22,1.075,0,0
1.41705E+12,24.51166667,-25.93833333,22.1,1.2,16,12.8
1.41748E+12,14.06909667,-61.00966667,22.1,1.25,11,8.461538462
1.41143E+12,32.3905,-125.8473,22.2,0.95,19,19
1.41143E+12,32.3905,-125.8473,22.2,0.95,16,16
1.40236E+12,37.838,-70.825,22.2,1.4,10,6.896551724
1.4694E+12,31.969072,-117.152222,22.22222222,0.9,3,3.333333333
1.41065E+12,43.13627,3.01015,22.3,1.3,0,0
1.41722E+12,22.78333333,-32.48666667,22.4,1.25,48,36.92307692
1.41705E+12,23.72383333,-21.22766667,22.4,1.2,3,2.4
1.39847E+12,33.175,-77.24,22.5,1.3,166,122.962963
1.41756E+12,19.45,-45.07666667,22.5,1.2,76,60.8
1.41696E+12,25.16646667,-17.83526667,22.5,1.2,13,10.4
1.41756E+12,19.35,-44.05,22.5,1.15,8,6.666666667
1.41739E+12,20.57,-37.58,22.5,1.15,3,2.5
1.43225E+12,-27.11763333,-48.54018333,22.7,1.25,17,13.07692308
1.40219E+12,35.6686,-69.1216,22.8,1.35,12,8.571428571
1.41722E+12,21.8869,-29.55528333,22.8,1.25,10,7.692307692
1.44461E+12,37.656008,-76.436844,22.8,1.2,5,4.166666667
1.41566E+12,24.3061,-18.14383333,22.8,1.25,4,3.076923077
1.43096E+12,23.183301,-106.420706,22.83333333,0.95,4,4
1.41756E+12,19.09606667,-30.27738333,22.9,1.2,174,139.2
1.42309E+12,21.826389,-108.015278,22.9,1.25,13,10
1.41774E+12,17.51293333,-48.54986333,22.9,1.25,12,9.230769231
1.44228E+12,41.392942,-71.420267,22.94444444,1.3,6,4.444444444
1.41722E+12,19.80616667,-25.21366667,23,1.2,207,165.6
1.41722E+12,20.20356667,-22.165,23,1.2,73,58.4
1.41765E+12,17.46166667,-48.46166667,23,1.2,57,45.6
1.418E+12,15.03333333,-55.66666667,23,1.25,47,36.15384615
1.41808E+12,14.55,-59,23,1.25,23,17.69230769
1.41782E+12,18.0665,-35.95661667,23,1.25,21,16.15384615
1.41696E+12,25.76488333,-20.52791667,23,1.2,20,16
1.41601E+12,26.3461,-80.0731,23,1.25,5,3.846153846
1.42759E+12,25.1291,-80.3896,23,1.3,5,3.703703704
1.4224E+12,16.9997,-38.7717,23,1.2,4,3.2
1.46724E+12,-0.898033,-89.6147,23,1.075,1,0.930232558
1.46016E+12,19.3096,-110.8192,23,1.25,1,0.8
1.41584E+12,26.7097,-80.0475,23,1.3,1,0.740740741
1.46016E+12,19.29609,-110.8148,23,1.325,0,0
1.43994E+12,42.1,-35.3,23.1,0.95,2,2.105263158
1.41091E+12,27.0671,-144.2697,23.2,0.95,17,17
1.41091E+12,27.0671,-144.2697,23.2,0.95,15,15
1.41091E+12,27.0671,-144.2697,23.2,0.95,13,13
1.418E+12,14.97011667,-57.98538333,23.2,1.25,12,9.230769231
1.41126E+12,30.7981,-133.0207,23.2,0.95,8,8
1.47632E+12,39.8933,-76.5354,23.2,1.05,2,1.904761905
1.41592E+12,19.005,-23.21166667,23.2,1.2,0,0
1.47796E+12,34.644,134.493,23.2,1.1,0,0
1.41696E+12,25.43483333,-19.10833333,23.4,1.15,29,24.16666667
1.4021E+12,34.8478,-67.985,23.4,1.35,16,11.42857143
1.43899E+12,41.4,-39.7,23.4,0.97,0,0
1.41696E+12,25.10598333,-19.5708,23.5,1.2,28,22.4
1.41808E+12,16.412,-47.81633333,23.5,1.15,15,12.5
1.41756E+12,19.84816667,-35.13516667,23.5,1.15,13,10.83333333
1.41575E+12,22.781,-19.501,23.5,1.2,6,4.8
1.44193E+12,30.14548,-15.85511,23.5,1.45,1,0.666666667
1.44193E+12,30.14995,-15.85514,23.5,1.45,0,0
1.39925E+12,-18.7,0.6,23.7,1.2,2,1.6
1.41558E+12,24.66666667,-17.7,23.71,1.15,45,37.5
1.4828E+12,25.7535,-81.3766,23.72,1.1,3,2.727272727
1.48288E+12,25.7755,-81.3747,23.72,1.075,1,0.930232558
1.48288E+12,25.8384,-81.3923,23.72,1.1,1,0.909090909
1.41843E+12,15.21181667,-49.82036667,23.9,1.2,55,44
1.42249E+12,13.533056,-95.803889,23.9,1.25,17,13.07692308
1.41696E+12,25.08641667,-18.41376667,23.9,1.25,14,10.76923077
1.43908E+12,-26.877,-45.608,23.9,1,2,2
1.41834E+12,14.52133333,-59.62733333,24,1.25,39,30
1.41713E+12,22.49483333,-29.73416667,24,1.15,30,25
1.41731E+12,20.90966667,-35.03066667,24,1.15,26,21.66666667
1.41765E+12,26.75014,-77.31677,24,1.25,23,17.69230769
1.41748E+12,19.93366667,-42.08496667,24,1.15,20,16.66666667
1.41782E+12,17.905,-41.2835,24,1.15,19,15.83333333
1.41566E+12,24.89666667,-17.76166667,24,1.2,19,15.2
1.41705E+12,23.8825,-21.5175,24,1.05,15,13.63636364
1.42266E+12,17.9167,-45.4167,24,1.2,12,9.6
1.40227E+12,36.4294,-70.2493,24,1.35,13,9.285714286
1.41696E+12,25.19,-18.60833333,24,1.25,11,8.461538462
1.41782E+12,19.55,-45.24,24,1.25,11,8.461538462
1.41748E+12,20.83928333,-34.3761,24,1.25,10,7.692307692
1.41748E+12,20.48566667,-37.36616667,24,1.25,7,5.384615385
1.41722E+12,21.17388333,-26.61033333,24,1.25,5,3.846153846
1.41774E+12,19.02385,-41.998,24,1.15,4,3.333333333
1.4275E+12,24.81072,-80.82795,24,1.3,4,2.962962963
1.44202E+12,30.134,-15.8703,24,1.3,4,2.962962963
1.42741E+12,25.15076,-80.51313,24,1.05,3,2.727272727
1.44184E+12,30.02962,-16.01961,24,1.55,4,2.5
1.4415E+12,30.16137,-15.87577,24,1.65,4,2.352941176
1.44176E+12,30.02843,-16.05731,24,1.45,3,2
1.4415E+12,30.15503,-15.15503,24,1.65,3,1.764705882
1.41808E+12,16.17133333,-51.66023333,24,1.2,2,1.6
1.42862E+12,15.859616,-97.078484,24,1.2,2,1.6
1.45938E+12,18.81913,-110.93303,24,1.3,2,1.538461538
1.44184E+12,30.01959,-16.03149,24,1.35,2,1.428571429
1.44176E+12,30.03508,-16.05608,24,1.55,2,1.25
1.44158E+12,30.04027,-16.02938,24,1.65,2,1.176470588
1.41722E+12,19.136,-96.1015,24,0.95,1,1
1.4593E+12,18.7996,-110.9158,24,1.3,1,0.769230769
1.44167E+12,30.0571,-16.04051,24,1.45,1,0.666666667
1.44167E+12,30.05721,-16.0496,24,1.45,1,0.666666667
1.44176E+12,30.04973,-16.05405,24,1.55,0,0
1.44202E+12,30.14009,-15.87603,24,1.25,0,0
1.4593E+12,18.75492,-110.91424,24,1.275,0,0
1.45938E+12,18.84204,-110.94576,24,1.3,0,0
1.45947E+12,18.78367,-111.04778,24,1.3,0,0
1.45947E+12,18.76801,-111.0237,24,1.3,0,0
1.45973E+12,18.99268,-112.08426,24,1.325,0,0
1.41756E+12,20.01,-38.22,24.1,1.25,29,22.30769231
1.41705E+12,25.27583333,-23,24.1,1.2,18,14.4
1.41731E+12,20.89306667,-28.1017,24.1,1.25,8,6.153846154
1.41696E+12,25.52366667,-20.86265,24.1,1.25,7,5.384615385
1.42171E+12,24.2975,-17.583611,24.2,0.9,45,47.36842105
1.41644E+12,16.81666667,-27.82,24.2,1.2,19,15.2
1.39942E+12,-16.7,-4.3,24.3,1.2,3,2.4
1.45973E+12,19.432924,-156.153488,24.44444444,1,2,2
1.45973E+12,19.382409,-155.990753,24.44444444,1,0,0
1.41722E+12,20.04595,-22.34128333,24.5,1.2,94,75.2
1.41765E+12,17.87521667,-45.87501667,24.5,1.2,20,16
1.41748E+12,19.27163333,-39.68005,24.5,1.2,15,12
1.41592E+12,19.0945,-23.16116667,24.5,1.2,13,10.4
1.4224E+12,16.8575,-25.301667,24.5,1.15,11,9.166666667
1.41774E+12,15.59,-50.18,24.5,1.2,8,6.4
1.41705E+12,26.41483333,-25.07,24.5,1.25,8,6.153846154
1.3856E+12,21.031301,-86.791189,24.5,1,6,6
1.43052E+12,25.2889,-109.4241,24.5,1.25,2,1.538461538
1.38525E+12,29.3275,-69.3097,24.6,1.3,237,175.5555556
1.41687E+12,26.36666667,-16.81666667,24.6,1.2,48,38.4
1.41705E+12,24.23166667,-21.22166667,24.6,1.25,44,33.84615385
1.41566E+12,24.88566667,-18.8101,24.6,1.2,5,4
1.41722E+12,23.07576667,-30.05313333,24.64,1.2,10,8
1.38516E+12,30.5659,-70.6258,24.7,1.3,30,22.22222222
1.3983E+12,28.57,-77.2783,24.7,1.35,21,15
1.46897E+12,31.862,124.927,24.7,1.1,1,0.909090909
1.41108E+12,29.467,-138.8152,24.8,0.95,8,8
1.41108E+12,29.467,-138.8152,24.8,0.95,5,5
1.47632E+12,34.409,133.512,24.8,1.1,0,0
1.38499E+12,31.3438,-71.3528,24.9,1.25,77,61.6
1.41782E+12,15.18166667,-54.02166667,24.9,1.2,60,48
1.41653E+12,16.6144,-29.0109,24.9,1.25,16,12.30769231
1.41765E+12,13.56,-59.02,24.9,1.15,13,10.83333333
1.41756E+12,18.88495,-35.85036667,24.9,1.2,12,9.6
1.41705E+12,25.60635,-23.66961667,24.9,1.2,6,4.8
1.41696E+12,26.63833333,-21.39166667,25,1.2,43,34.4
1.41731E+12,18.7815,-27.416,25,1.15,30,25
1.41774E+12,18.30433333,-45.50966667,25,1.15,27,22.5
1.42284E+12,16.8667,-49.25,25,1.15,21,17.5
1.41834E+12,14.34405,-58.62546667,25,1.25,19,14.61538462
1.41748E+12,21.85666667,-40.355,25,1,15,14.28571429
1.41817E+12,16.26,-55.52,25,1.25,18,13.84615385
1.41653E+12,25.3,-18.93333333,25,0.9,13,13.68421053
1.41765E+12,17.40416667,-48.82516667,25,1.15,14,11.66666667
1.41722E+12,24.37,-31.78166667,25,1.2,14,11.2
1.41765E+12,17.279,-44.10783333,25,1.2,14,11.2
1.42275E+12,17.1,-47.55,25,1.2,14,11.2
1.41834E+12,15.86416667,-53.98133333,25,1.1,12,10.43478261
1.41817E+12,16.11666667,-52.3,25,1,8,7.619047619
1.41679E+12,16.675,-37.515,25,1.2,9,7.2
1.40236E+12,34.48333,-69.25667,25,1.25,9,6.923076923
1.40244E+12,35.68833,-71.47667,25,1.25,8,6.153846154
1.41748E+12,19.97783333,-38.28505,25,1.25,8,6.153846154
1.418E+12,15.95333333,-56.31333333,25,1.25,8,6.153846154
1.41748E+12,20.6,-33.51666667,25,0.95,6,6
1.40193E+12,32.375,-64.6744,25,1.35,8,5.714285714
1.41575E+12,22.34133333,-19.9525,25,1.2,6,4.8
1.41722E+12,21.14333333,-27.36166667,25,1.2,6,4.8
1.38871E+12,20.396161,-87.313191,25,1,4,4
1.4167E+12,22.87673,-109.89605,25,1.15,4,3.333333333
1.41774E+12,18.61083333,-48.18516667,25,1.2,4,3.2
1.41782E+12,18.58333333,-42.21666667,25,1.2,4,3.2
1.42318E+12,0.2891,-90.5589,25,1.25,4,3.076923077
1.43027E+12,23.5276,-108.5381,25,1.25,4,3.076923077
1.38905E+12,20.210337,-87.430163,25,1,2,2
1.42638E+12,13.5857,-16.61065,25,1.5,3,1.935483871
1.43692E+12,-18.55338,43.83788,25,1.05,2,1.904761905
1.42534E+12,10.302,-85.841417,25,1.15,2,1.666666667
1.47191E+12,41.514806,-70.982189,25,1.075,0,0
1.48314E+12,27.06034,142.19492,25,1.05,0,0
1.41722E+12,19.90383333,-24.992,25.2,1.25,316,243.0769231
1.41065E+12,24.8516,-152.3562,25.2,0.95,9,9
1.41065E+12,24.8516,-152.3562,25.2,0.95,8,8
1.41065E+12,24.8516,-152.3562,25.2,0.95,5,5
1.418E+12,14.235,-60.505,25.3,1.2,113,90.4
1.41782E+12,18.32268333,-42.28146667,25.3,1.2,13,10.4
1.41782E+12,14.55,-53.53,25.3,1.2,11,8.8
1.41575E+12,23.88705,-18.58373333,25.3,1.25,11,8.461538462
1.41782E+12,15.7974,-52.1839,25.3,1.15,7,5.833333333
1.43821E+12,-17.9684,-38.71215,25.3,1.45,2,1.333333333
1.43044E+12,24.599576,-110.400389,25.33333333,0.95,4,4
1.41679E+12,28.12443333,-15.41548333,25.37,1.2,4,3.2
1.46362E+12,30.31269,-64.14373,25.4,1.01,23,22.77227723
1.41057E+12,23.6348,-154.91,25.4,0.95,16,16
1.41074E+12,25.7248,-149.7316,25.4,0.95,15,15
1.41057E+12,23.6348,-154.91,25.4,0.95,12,12
1.41074E+12,25.7248,-149.7316,25.4,0.95,11,11
1.41057E+12,23.6348,-154.91,25.4,0.95,9,9
1.41575E+12,22.9035,-19.11716667,25.4,1.15,10,8.333333333
1.41074E+12,25.7248,-149.7316,25.4,0.95,8,8
1.41722E+12,21.27033333,-27.4669,25.4,1.2,1,0.8
1.41048E+12,22.8167,-156.985,25.5,0.95,16,16
1.38551E+12,21.221189,-86.732542,25.5,1,10,10
1.42975E+12,21.7932,-105.8398,25.5,1.25,4,3.076923077
1.4288E+12,18.2883,-103.7042,25.5,1.2,2,1.6
1.4294E+12,20.0076,-105.6062,25.5,1.25,2,1.538461538
1.45195E+12,18.31667,-64,25.55555556,0.95,5,5.263157895
1.45325E+12,18.2642,-64.45052,25.55555556,0.925,3,3.243243243
1.45238E+12,18.3031196,-64.2330754,25.55555556,0.975,0,0
1.45316E+12,18.2038,-64.4243,25.55555556,0.9,0,0
1.45359E+12,18.2893,-64.277,25.55555556,0.9,0,0
1.46267E+12,19.4577,-154.8418,25.55555556,1,0,0
1.46085E+12,19.646346,-156.017618,25.55555556,1,0,0
1.46353E+12,27.91458,-64.04535,25.6,1.05,23,21.9047619
1.40875E+12,38.720171,-75.089518,25.6,1.2,6,4.8
1.41713E+12,15.52,-48.025,25.6,1.2,5,4
1.4764E+12,30.50125,-86.43546,25.6,1.1,0,0
1.4764E+12,30.50675,-86.43721,25.6,1.1,0,0
1.41705E+12,24.58333333,-21.65,25.7,1.2,27,21.6
1.418E+12,14.22236667,-57.95605,25.7,1.2,18,14.4
1.41661E+12,16.107,-32.279,25.7,1.2,12,9.6
1.41731E+12,22.67616667,-31.305,25.7,1.25,11,8.461538462
1.41584E+12,20.12833333,-22.12833333,25.7,1.2,9,7.2
1.41791E+12,19.38,-40.5,25.7,1.1,7,6.086956522
1.41679E+12,15.58021667,-35.61666667,25.7,1.25,7,5.384615385
1.43744E+12,-13.91547,-38.98988,25.7,1.25,1,0.769230769
1.43882E+12,11.257212,-85.877529,25.72222222,0.95,1,1
1.41722E+12,23.00553333,-29.57468333,25.8,1.25,10,7.692307692
1.42258E+12,13.948889,-99.156111,25.8,1.35,8,5.714285714
1.41575E+12,22.8395,-19.3,25.8,1.2,1,0.8
1.41731E+12,20.72666667,-28.35166667,25.9,1.2,23,18.4
1.41661E+12,16.81666667,-33.56666667,25.9,1.1,2,1.739130435
1.42301E+12,16.0667,-52.3833,26,1.2,78,62.4
1.41713E+12,14.31541667,-59.53811667,26,1.15,43,35.83333333
1.41774E+12,16.866746,-48.250017,26,1.15,42,35
1.38568E+12,24.417222,-110.31222,26,1,17,17
1.41834E+12,19.22,-60.14,26,1.2,17,13.6
1.418E+12,13.63633333,-55.46983333,26,1.2,12,9.6
1.40253E+12,32.30297,-64.739703,26,1.15,9,7.5
1.41765E+12,17.08133333,-28.11183333,26,1.25,8,6.153846154
1.4142E+12,33.86361,10.97444,26,1.25,6,4.615384615
1.41808E+12,13.92376667,-59.2152,26,1.15,5,4.166666667
1.39147E+12,17.749514,-87.025033,26,1,4,4
1.41834E+12,15.65366667,-49.543,26,1.2,5,4
1.41748E+12,19.81833333,-36.20833333,26,1.2,4,3.2
1.41748E+12,18.94551667,-29.60133333,26,1.2,4,3.2
1.4675E+12,28.111,129.335,26,1.1,3,2.727272727
1.45765E+12,17.0115,-61.7824,26,1.5,4,2.666666667
1.42327E+12,0.314018,-89.947055,26,1.25,3,2.307692308
1.41705E+12,23.35,-21.67166667,26,1.2,2,1.6
1.42845E+12,17.6251,-101.5569,26,1.3,2,1.481481481
1.43683E+12,-12.97238,-38.51602,26,1.25,1,0.769230769
1.3913E+12,17.749514,-87.025033,26,1,0,0
1.39147E+12,17.749514,-87.025033,26,1,0,0
1.46439E+12,39.5277,-75.8119,26,1.04,0,0
1.46439E+12,39.5541,-75.6178,26,1.025,0,0
1.45748E+12,16.9754,-61.78135,26.1,1.5,8,5.333333333
1.42646E+12,16.87846667,-87.723645,26.1,1.15,6,5
1.41808E+12,15.34848333,-49.64153333,26.1,1.2,6,4.8
1.42646E+12,16.79941667,-87.8548,26.1,1.25,4,3.076923077
1.42646E+12,16.84971667,-87.78736667,26.1,1.25,3,2.307692308
1.47519E+12,-19.02237,-169.92288,26.1,1.375,2,1.454545455
1.4186E+12,15.08366667,-53.00383333,26.1,0.95,1,1
1.47511E+12,-18.95335,-169.83644,26.1,1.35,1,0.740740741
1.47519E+12,-19.02794,-169.92088,26.1,1.35,1,0.740740741
1.47502E+12,-19.07676,-169.78067,26.1,1.375,1,0.727272727
1.42646E+12,16.9733,-87.70246667,26.1,1.25,0,0
1.47493E+12,-19.14743,-169.84387,26.1,1.35,0,0
1.47493E+12,-19.11178,-169.81044,26.1,1.3,0,0
1.47493E+12,-19.13202,-169.92126,26.1,1.375,0,0
1.47502E+12,-19.03322,-169.78719,26.1,1.375,0,0
1.47502E+12,-18.98964,-169.7998,26.1,1.325,0,0
1.47511E+12,-18.96216,-169.88451,26.1,1.375,0,0
1.47511E+12,-18.9979,-169.91362,26.1,1.375,0,0
1.41705E+12,24.44633,-110.37154,26.11,1.25,4,3.076923077
1.41705E+12,24.44478,-110.38126,26.11,1.25,3,2.307692308
1.43338E+12,26.1264,-80.09215,26.11111111,1.25,10,7.692307692
1.43372E+12,26.0136,-79.88691667,26.11111111,1.2,9,7.2
1.43346E+12,26.055,-79.99,26.11111111,1.1,7,6.086956522
1.41739E+12,22.2,-35.78,26.2,1.25,10,7.692307692
1.40124E+12,27.961,-64.1088,26.2,1.35,7,5
1.41696E+12,24.591,-17.84916667,26.2,1.2,6,4.8
1.41731E+12,23.51666667,-35.61666667,26.2,1.2,6,4.8
1.46871E+12,30.769,130.32,26.2,1.075,5,4.651162791
1.42672E+12,19.333085,-81.084537,26.2,1.25,1,0.769230769
1.41592E+12,19.38455,-21.2648,26.3,1.2,18,14.4
1.41748E+12,20.91146667,-35.97096667,26.3,1.25,14,10.76923077
1.41748E+12,14.45833333,-57.08166667,26.3,1.2,4,3.2
1.38542E+12,25.8486,-67.5656,26.4,1.25,38,29.23076923
1.41722E+12,18.83333333,-23.48333333,26.4,1.25,17,13.07692308
1.41687E+12,16.38333333,-41.86666667,26.4,1.1,7,6.086956522
1.41774E+12,16.31908333,-35.89073333,26.5,1.2,64,51.2
1.41705E+12,15.89071667,-43.10345,26.5,1.25,6,4.615384615
1.41687E+12,15.93666667,-40.09333333,26.5,1.25,4,3.076923077
1.41592E+12,18.67486667,-23.35728333,26.5,1.25,3,2.307692308
1.45644E+12,14.19308,-60.8738,26.5,1.425,2,1.403508772
1.47372E+12,33.592,130.312,26.5,1.075,0,0
1.41756E+12,20.3775,-40.39066667,26.6,1.2,42,33.6
1.39208E+12,17.29105,-62.729383,26.6,1.35,19,13.57142857
1.47563E+12,34.408,133.203,26.6,1.1,6,5.454545455
1.39078E+12,20.29884,-87.00539,26.6,1,3,3
1.39121E+12,20.44935,-86.9901,26.6,1,2,2
1.42646E+12,16.79965,-87.85793333,26.6,0.95,2,2
1.41748E+12,21.21093333,-27.45345,26.6,1.25,2,1.538461538
1.42646E+12,16.71308333,-87.85485,26.6,1,1,0.952380952
1.46629E+12,26.163,127.342,26.6,1.1,1,0.909090909
1.39173E+12,17.6365,-63.257333,26.6,1.25,1,0.769230769
1.4739E+12,34.262,132.768,26.6,1.075,0,0
1.38603E+12,17.2776,-87.80551,26.67,1,15,15
1.41774E+12,16.5,-38.25216667,26.7,1.25,232,178.4615385
1.38957E+12,18.3464,-64.791,26.7,1.15,23,19.16666667
1.3862E+12,17.40976,-87.92763,26.7,1,15,15
1.38914E+12,18.335767,-64.92775,26.7,1.25,3,2.307692308
1.451E+12,25.31615,-80.908183,26.7,1.4,1,0.689655172
1.42672E+12,19.280831,-81.245956,26.8,1.25,0,0
1.39225E+12,16.801617,-62.208483,26.9,1.1,30,26.08695652
1.41731E+12,22.61865,-26.3271,26.9,1.25,13,10
1.41731E+12,14.65016667,-51.93333333,26.9,1.25,10,7.692307692
1.43778E+12,-14.77318,-38.9879,26.9,1.25,1,0.769230769
1.3926E+12,15.980333,-61.717516,26.9,1.05,0,0
1.39441E+12,14.0726,-60.9595,26.9,1.35,0,0
1.418E+12,15.66218333,-43.79253333,27,1.2,74,59.2
1.39432E+12,9.94286,-85.67066,27,1.2,38,30.4
1.41765E+12,17.59833333,-36.63333333,27,1.25,27,20.76923077
1.41644E+12,16.69333333,-28.22833333,27,1.2,25,20
1.41782E+12,16.46,-46.59,27,1.2,23,18.4
1.40115E+12,27.1606,-63.9837,27,1.35,22,15.71428571
1.4167E+12,-15.4537,166.6706,27,1.05,15,13.63636364
1.411E+12,28.4649,-141.808,27,0.95,11,11
1.45636E+12,14.0116,-59.7146,27,1.575,17,10.79365079
1.411E+12,28.4649,-141.808,27,0.95,10,10
1.45601E+12,12.82465,-60.371583,27,1.55,15,9.677419355
1.41584E+12,20.34108333,-21.78325,27,1.2,11,8.8
1.41592E+12,18.79,-22.89833333,27,1.25,11,8.461538462
1.46258E+12,-16.351642,78.834707,27,1.4,10,7.142857143
1.40296E+12,32.364797,-64.712603,27,1.2,8,6.4
1.40236E+12,32.248926,-64.833316,27,1.15,7,5.833333333
1.418E+12,16.46716667,-53.672,27,1.2,5,4
1.41713E+12,15.58333333,-49.28333333,27,1,4,3.80952381
1.3913E+12,20.5448,-86.88051,27,1,2,2
1.39994E+12,8.49194,-13.29194,27,1.15,2,1.666666667
1.39E+12,18.4547,-64.442133,27,1.25,2,1.538461538
1.41506E+12,9.419722,-79.9675,27,1.9,2,1.025641026
1.48444E+12,-21.05307,55.22383,27,0.985,1,1.015228426
1.38568E+12,20.647611,-87.050925,27,1,1,1
1.41722E+12,15.1565,-51.1475,27,1.25,1,0.769230769
1.41756E+12,14.11983333,-60.8745,27,1.25,1,0.769230769
1.39009E+12,18.37405,-64.531216,27,1.3,1,0.740740741
1.42793E+12,25.8,-79.36,27,1.45,1,0.666666667
1.39147E+12,20.38284,-86.87464,27,1,0,0
1.42474E+12,18.41,-68.23,27,1.25,0,0
1.42586E+12,9.66551,-85.19258,27,3.15,0,0
1.48427E+12,-16.9971,49.84033,27,0.935,0,0
1.43165E+12,21.312377,-106.223221,27.05555556,0.9,7,7.368421053
1.3919E+12,17.480733,-62.990067,27.1,1.25,16,12.30769231
1.45714E+12,14.3452,-61.67163,27.1,1.575,7,4.444444444
1.39277E+12,15.86735,-61.589483,27.1,1.35,2,1.428571429
1.41739E+12,14.76666667,-56.28333333,27.1,1.15,0,0
1.47433E+12,34.376,133.238,27.1,1.075,0,0
1.41696E+12,25.65666667,-18.448,27.2,1.25,270,207.6923077
1.38465E+12,18.3047,-65.2968,27.2,1.25,16,12.30769231
1.40089E+12,24.1854,-63.6332,27.2,1.25,16,12.30769231
1.41774E+12,18.70473333,-44.61356667,27.2,1.25,9,6.923076923
1.41679E+12,18.77166667,-39.06333333,27.2,1.2,8,6.4
1.39406E+12,17.3028,-87.8344,27.2,1,6,6
1.40193E+12,9.1,-55.8,27.2,1.2,6,4.8
1.46811E+12,38.8211,-76.4317,27.2,1.05,5,4.761904762
1.39605E+12,13.01,-61.2434,27.2,1.25,4,3.076923077
1.47554E+12,-20.02414,-167.74533,27.2,1.35,3,2.222222222
1.41653E+12,16.8749,-32.3976,27.2,1.25,2,1.538461538
1.47545E+12,-19.9733,-167.77487,27.2,1.375,1,0.727272727
1.39484E+12,17.4983,-87.8358,27.2,1,0,0
1.47519E+12,1.190333,-98.19576,27.2,0.975,0,0
1.47537E+12,-19.96822,-167.74692,27.2,1.375,0,0
1.47537E+12,-20.00559,-167.76918,27.2,1.35,0,0
1.47545E+12,-20.01466,-167.76904,27.2,1.35,0,0
1.47554E+12,-20.00397,-167.76002,27.2,1.35,0,0
1.47597E+12,-19.04429,-169.92613,27.2,1.375,0,0
1.43441E+12,26.0192,-80.08565,27.22222222,1.2,8,6.4
1.45575E+12,12.301,-82.986,27.22222222,1.05,4,3.80952381
1.43433E+12,25.7429,-80.08645,27.22222222,1.25,4,3.076923077
1.43398E+12,24.5459,-81.41246667,27.22222222,1.25,2,1.538461538
1.418E+12,15.35233333,-44.78133333,27.3,1.25,72,55.38461538
1.41834E+12,14.6989,-57.35078333,27.3,1.25,27,20.76923077
1.4008E+12,22.3494,-63.5046,27.3,1.25,18,13.84615385
1.41748E+12,13.70485,-53.60666667,27.3,1.25,17,13.07692308
1.39061E+12,18.334183,-64.926333,27.3,0.95,8,8
1.39294E+12,15.579333,-61.463216,27.3,1.35,7,5
1.41679E+12,17.11355,-40.52743333,27.3,1.2,2,1.6
1.45731E+12,15.37885,-61.49292,27.3,1.55,1,0.64516129
1.41592E+12,18.38708333,-24.07995,27.4,1.25,5,3.846153846
1.46802E+12,28.192,129.217,27.4,0.975,1,1.025641026
1.41601E+12,17.2434,-24.76586667,27.5,1.15,10,8.333333333
1.41782E+12,17.52666667,-48.35333333,27.5,1.25,4,3.076923077
1.46655E+12,5.55323,-87.04492,27.5,1.075,0,0
1.41756E+12,20.24103333,-40.73505,27.54,1.2,35,28
1.38672E+12,18.4599,-66.093,27.6,1.25,226,173.8461538
1.41826E+12,15.08066667,-51.268,27.6,1.3,96,71.11111111
1.40072E+12,20.3746,-63.3564,27.6,1.55,98,61.25
1.41558E+12,9.310556,-79.919722,27.6,0.9,52,54.73684211
1.41791E+12,15.85,-35.6,27.6,1.25,28,21.53846154
1.40098E+12,25.212,-63.6839,27.6,1.4,15,10.34482759
1.41774E+12,17.78496667,-44.90255,27.6,1.2,3,2.4
1.40175E+12,5.6,-48.6,27.6,1.2,0,0
1.39389E+12,14.5984,-61.0695,27.7,0.95,4,4
1.41713E+12,17.23833333,-48.91,27.7,1.2,5,4
1.44599E+12,20.691604,-156.444971,27.7,0.95,2,2.105263158
1.42716E+12,16.71485,-87.86828333,27.7,1.2,1,0.8
1.4046E+12,30.42867,-81.3915,27.7,1.35,0,0
1.48271E+12,25.7853,-81.4186,27.72,1.115,2,1.793721973
1.43182E+12,19.537646,-105.084755,27.77777778,0.95,0,0
1.3862E+12,17.2826,-87.81142,27.8,1,239,239
1.41756E+12,21.00483333,-31.76603333,27.8,1.25,37,28.46153846
1.41782E+12,17.54983333,-47.654,27.8,1.2,23,18.4
1.38612E+12,17.32112,-87.78921,27.8,1,10,10
1.3862E+12,17.31051,-87.80113,27.8,1,9,9
1.41765E+12,18.61666667,-47.86666667,27.8,1.2,10,8
1.42361E+12,15.970833,-102.349722,27.8,0.95,6,6
1.39735E+12,16.3062,-61.7993,27.8,1.35,5,3.571428571
1.3945E+12,12.4856,-61.4597,27.8,1.35,3,2.142857143
1.39804E+12,17.0123,-61.7707,27.8,1.35,3,2.142857143
1.39493E+12,11.9958,-61.7631,27.8,1.35,2,1.428571429
1.46673E+12,26.272,127.555,27.8,0.975,1,1.025641026
1.47528E+12,-19.96635,-167.76169,27.8,1.35,1,0.740740741
1.47528E+12,-20.00662,-167.7365,27.8,1.375,0,0
1.44089E+12,10.935708,-85.866627,27.83333333,0.95,3,3
1.41791E+12,16.59666667,-43.53666667,27.9,1.25,49,37.69230769
1.39545E+12,12.6352,-61.3617,27.9,1.35,7,5
1.39545E+12,17.0084,-61.764,27.9,1.35,3,2.142857143
1.45238E+12,0.9283,107.473,27.9,1.05,2,1.904761905
1.40028E+12,-7.8,-14.5,27.9,1.2,1,0.8
1.41826E+12,15.0196,-51.86673333,28,1.25,89,68.46153846
1.38551E+12,24.2909,-67.3977,28,1.2,41,32.8
1.41791E+12,17.3595,-36.05183333,28,1.2,24,19.2
1.39493E+12,9.99624,-85.70344,28,1.2,16,12.8
1.42655E+12,-9.66099,47.59412,28,1.45,19,12.66666667
1.41791E+12,15.4,-56.43333333,28,1.25,16,12.30769231
1.42638E+12,-9.65893,47.56776,28,1.45,12,8
1.41636E+12,16.89416667,-25.04266667,28,1.15,9,7.5
1.42655E+12,-9.7522,47.60239,28,1.15,8,6.666666667
1.42707E+12,-9.49621,46.26835,28,1.35,9,6.428571429
1.41661E+12,16.76166667,-33.645,28,1.2,7,5.6
1.42733E+12,-9.39329,46.24915,28,1.45,8,5.333333333
1.42716E+12,-9.36693,46.28516,28,1.4,7,4.827586207
1.41826E+12,14.47166667,-59.54033333,28,1.2,6,4.8
1.42387E+12,10.088792,99.825303,28,1.15,5,4.166666667
1.41808E+12,15.185,-53.72666667,28,1.2,5,4
1.45092E+12,-2.513579,9.751595,28,1.075,4,3.720930233
1.43122E+12,-12.75815,-38.63575,28,1.55,5,3.125
1.41661E+12,17.39283333,-32.97816667,28,1.25,4,3.076923077
1.42646E+12,-9.77359,47.56754,28,1.45,4,2.666666667
1.42716E+12,-9.36719,46.24134,28,1.45,4,2.666666667
1.40244E+12,12,-61.7,28,1.15,3,2.5
1.41826E+12,14.04666667,-58.84,28,1.25,3,2.307692308
1.42698E+12,-9.38917,46.19691,28,1.4,3,2.068965517
1.42724E+12,-9.45176,46.42526,28,1.4,3,2.068965517
1.42707E+12,-9.43685,46.20055,28,1.45,3,2
1.45221E+12,1.2817,108.13,28,1.075,2,1.860465116
1.45791E+12,10.28359,-109.21552,28,1.275,2,1.568627451
1.45783E+12,10.29002,-109.23054,28,1.285,2,1.556420233
1.41532E+12,-10.2995,166.2958,28,1.25,2,1.538461538
1.45826E+12,10.33125,-109.24828,28,1.3,2,1.538461538
1.45835E+12,10.30101,-109.16983,28,1.3,2,1.538461538
1.41687E+12,16.16283333,-41.06683333,28,1.2,1,0.8
1.458E+12,10.31494,-109.21211,28,1.25,1,0.8
1.45791E+12,10.32106,-109.22913,28,1.275,1,0.784313725
1.45809E+12,10.29423,-109.20042,28,1.275,1,0.784313725
1.41765E+12,18.73283333,-35.67933333,28,1.25,1,0.769230769
1.418E+12,15.64981667,-51.00783333,28,1.25,1,0.769230769
1.41929E+12,18.3,-64.73,28,1.25,1,0.769230769
1.42508E+12,19.2,-69.33,28,1.25,1,0.769230769
1.45817E+12,10.29929,-109.19892,28,1.3,1,0.769230769
1.45817E+12,10.28839,-109.20377,28,1.3,1,0.769230769
1.4224E+12,18.46,-65.02,28,1.35,1,0.714285714
1.41713E+12,-17.75,168.3,28,1.25,0,0
1.42543E+12,7.122056,99.424308,28,1,0,0
1.42733E+12,-9.72988,46.50068,28,1.35,0,0
1.43355E+12,18.5,-64.37,28,1.3,0,0
1.45809E+12,10.28636,-109.22016,28,1.3,0,0
1.45817E+12,10.31207,-109.20273,28,1.275,0,0
1.45835E+12,10.31713,-109.21667,28,1.3,0,0
1.48375E+12,-5.6916,53.67458,28,0.915,0,0
1.48383E+12,-7.0409,52.75855,28,0.965,0,0
1.48392E+12,-9.53973,50.9678,28,0.935,0,0
1.48401E+12,-12.26853,49.28116,28,0.95,0,0
1.48409E+12,-15.49762,49.756,28,0.925,0,0
1.48418E+12,-15.70887,49.95257,28,0.9,0,0
1.41774E+12,14.11025,-59.28061667,28.1,1.25,27,20.76923077
1.41713E+12,14.89611667,-50.92618333,28.1,1.25,3,2.307692308
1.46984E+12,33.123,129.574,28.1,1.075,2,1.860465116
1.41808E+12,15.28983333,-54.20916667,28.2,1.25,50,38.46153846
1.41566E+12,24.62083333,-17.56061667,28.2,1.2,16,12.8
1.39553E+12,12.7077,-61.3287,28.2,1.2,15,12
1.41722E+12,20.673,-25.32733333,28.2,1.25,8,6.153846154
1.418E+12,15.94876667,-52.51593333,28.2,1.25,3,2.307692308
1.39527E+12,12.593,-61.4123,28.2,1.35,2,1.428571429
1.45135E+12,1.81,110.325,28.2,1,0,0
1.41817E+12,15.045,-51.36833333,28.3,1.25,28,21.53846154
1.41817E+12,14.46666667,-42.83333333,28.3,1.25,15,11.53846154
1.42716E+12,16.71986667,-87.7875,28.3,1.2,13,10.4
1.41722E+12,21.46666667,-25.26666667,28.3,1.15,3,2.5
1.39553E+12,17.0765,-61.8998,28.3,1.35,3,2.142857143
1.40063E+12,18.0327,-63.0973,28.3,1.35,3,2.142857143
1.42716E+12,16.70053333,-87.88183333,28.3,1.1,2,1.739130435
1.42716E+12,16.71683333,-87.8784,28.3,1.05,1,0.909090909
1.42716E+12,16.71555,-87.8752,28.3,1.2,0,0
1.42716E+12,16.7594,-87.77516667,28.3,1.2,0,0
1.41774E+12,18.12511667,-46.21311667,28.32,1.2,8,6.4
1.3856E+12,23.0016,-67.2478,28.4,1.15,34,28.33333333
1.41748E+12,19.225,-31.60666667,28.4,1.2,14,11.2
1.40106E+12,26.1552,-63.7472,28.4,1.35,9,6.428571429
1.46483E+12,23.641,122.963,28.4,1.1,4,3.636363636
1.41739E+12,15.02333333,-56.81666667,28.4,1.2,2,1.6
1.39856E+12,17.8972,-62.8575,28.4,1.25,0,0
1.418E+12,15.751465,-45.38028167,28.5,1.25,2,1.538461538
1.41782E+12,17.65055,-40.10676667,28.5,1.25,1,0.769230769
1.46664E+12,4.79588,-87.49332,28.5,1.05,0,0
1.41826E+12,14.30233333,-58.7245,28.6,1.25,31,23.84615385
1.46578E+12,24.342,124.147,28.6,1.075,2,1.860465116
1.41817E+12,14.13833333,-58.96833333,28.6,1.25,1,0.769230769
1.41843E+12,14.61333333,-58.76,28.7,1.25,161,123.8461538
1.40072E+12,-5.3,-25.7,28.7,1.2,7,5.6
1.45256E+12,0.043,107.86167,28.7,1,4,4
1.45359E+12,-2.3727,107.6495,28.7,1.075,3,2.790697674
1.41731E+12,14.19335,-56.83846667,28.7,1.25,3,2.307692308
1.45912E+12,-0.01,108.70167,28.7,1.075,0,0
1.41826E+12,14.72006667,-58.9304,28.8,1.2,13,10.4
1.4529E+12,-1.9787,108.39467,28.8,1.05,1,0.952380952
1.41722E+12,22.57166667,-25.13333333,29,1.25,155,119.2307692
1.418E+12,18.917,-39.80001667,29,1.2,49,39.2
1.41756E+12,20.31666667,-36.33333333,29,1.15,17,14.16666667
1.41843E+12,14.03333333,-50.63333333,29,1.25,18,13.84615385
1.46189E+12,-12.091676,96.883339,29,1,12,12
1.41687E+12,16.97,-41.27,29,1.2,10,8
1.4262E+12,-9.70974,46.53444,29,1.45,9,6
1.41834E+12,14.25175,-60.49313333,29,1.3,8,5.925925926
1.42992E+12,-10.93303,-34.9287,29,1.3,7,5.185185185
1.42629E+12,-9.7045,46.51059,29,1.45,4,2.666666667
1.42188E+12,18,-63,29,1.25,3,2.307692308
1.47856E+12,-8.122221837,117.7527691,29,1.3,2,1.538461538
1.42145E+12,17.93,-62.87,29,1.25,1,0.769230769
1.41748E+12,15.157222,-109.59,29,1.25,0,0
1.45126E+12,1.745,110.493,29,1.05,0,0
1.4599E+12,3.81,112.9183,29,1.1,0,0
1.41705E+12,17.02881667,-46.42858333,29.1,1.25,30,23.07692308
1.41774E+12,17.80166667,-38.19,29.1,1.25,8,6.153846154
1.40149E+12,0,-42,29.1,1.2,5,4
1.4434E+12,10.850467,-85.797967,29.11111111,0.95,2,2
1.41817E+12,14.57338333,-58.9478,29.15,1.25,23,17.69230769
1.41713E+12,16.23198333,-49.0303,29.2,1.25,9,6.923076923
1.42664E+12,19.346473,-81.186086,29.2,1.25,2,1.538461538
1.45783E+12,-3.14583,111.47267,29.2,1.075,1,0.930232558
1.45377E+12,-2.8098,107.366,29.2,1.05,0,0
1.418E+12,15.46573333,-54.91021667,29.24,1.2,32,25.6
1.41748E+12,21.35166667,-32.56166667,29.4,1.2,68,54.4
1.41679E+12,16.29961667,-37.16975,29.4,1.25,7,5.384615385
1.41739E+12,15.4095,-55.187,29.4,1.2,1,0.8
1.43381E+12,15.803222,-96.008161,29.44444444,0.95,3,3
1.41834E+12,14.54533333,-56.4675,29.5,1.25,40,30.76923077
1.41852E+12,14.34366667,-59.33883333,29.5,1.25,21,16.15384615
1.46163E+12,9.92333,116.3,29.5,1.05,13,12.38095238
1.41705E+12,24.53375,-24.49555,29.5,1.2,13,10.4
1.47165E+12,39.0854,-76.1694,29.5,1.1,8,7.272727273
1.42292E+12,11.400556,-38.5222222,29.5,1.2,0,0
1.41869E+12,14,-59,29.7,1.2,15,12
1.41782E+12,18.2,-42.43333333,29.8,1.2,51,40.8
1.41808E+12,15.57166667,-47.48466667,29.8,1.2,10,8
1.41687E+12,26.43095,-17.0075,29.8,1.15,4,3.333333333
1.41705E+12,15.88265,-44.42756667,29.8,1.25,4,3.076923077
1.45835E+12,-2.7367,111.7367,29.8,1.075,0,0
1.41748E+12,17.707,-31.39166667,29.9,1.2,2,1.6
1.46076E+12,-7.989448,102.649707,30,1.2,56,46.66666667
1.45791E+12,3.543837,100.227747,30,1.05,41,39.04761905
1.46016E+12,-3.969059,106.440687,30,1.1,14,12.72727273
1.40253E+12,36.27333,-73.10333,30,1.3,14,10.37037037
1.40253E+12,35.84167,-72.61,30,1.25,11,8.461538462
1.43726E+12,37.6358333,-76.4125,30,1.1,8,7.272727273
1.437E+12,8.39816,-83.3481,30,1.15,5,4.166666667
1.46811E+12,38.8756,-76.2563,30,1.05,4,3.80952381
1.41748E+12,14.47666667,-59.06,30,1.2,4,3.2
1.45264E+12,-1.71483,108.678167,30.1,1.025,0,0
1.41808E+12,16.06666667,-48.4,30.2,1.2,111,88.8
1.46189E+12,14.228,118.822,30.2,1.1,12,10.90909091
1.41722E+12,21.48168333,-32.70376667,30.2,1.2,8,6.4
1.41739E+12,14.87351667,-53.51941667,30.2,1.25,1,0.769230769
1.41774E+12,19.01666667,-38.445,30.3,1.25,120,92.30769231
1.41661E+12,16.48548333,-31.88436667,30.4,1.2,2,1.6
1.42353E+12,12.386111,-53.097778,30.5,0.95,5,5
1.41834E+12,14.89833333,-54.59,30.5,1.2,6,4.8
1.43778E+12,11.787,-86.514,30.55555556,1.1,3,2.608695652
1.41601E+12,17.45908333,-23.95976667,30.6,1.2,28,22.4
1.41739E+12,19.79396667,-39.02778333,30.6,1.2,10,8
1.41756E+12,14.30388333,-59.83926667,30.6,1.2,8,6.4
1.41765E+12,14.22866667,-59.44453333,30.6,1.2,4,3.2
1.41705E+12,15.44721667,-44.96908333,30.7,1.05,12,10.90909091
1.41774E+12,15.71166667,-37.34666667,30.7,1.2,3,2.4
1.418E+12,13.7395,-44.58,30.7,1.25,3,2.307692308
1.43519E+12,15.763737,-96.094417,30.72222222,0.95,5,5
1.43666E+12,37.677222,-76.3275,31,1.1,6,5.454545455
1.4586E+12,-1.66,108.92167,31,1.075,0,0
1.41756E+12,18.78883333,-38.3155,31.1,1.2,48,38.4
1.41826E+12,15.13566667,-50.80966667,31.1,1.25,8,6.153846154
1.41782E+12,18.93333333,-41.51666667,31.1,1.2,6,4.8
1.41653E+12,16.6525,-31.20533333,31.1,1.25,3,2.307692308
1.47606E+12,-9.7124666,-123.0355666,31.1,1.05,1,0.952380952
1.418E+12,16.01,-45.6,31.2,1.3,231,171.1111111
1.43208E+12,18.208138,-103.760621,31.33333333,0.95,1,1
1.42387E+12,11.238611,-59.607778,31.5,1.05,13,11.81818182
1.41791E+12,16.4902,-42.69746667,31.5,1.1,5,4.347826087
1.41748E+12,13.87251667,-54.64131667,31.5,1.15,3,2.5
1.41679E+12,17.18866667,-39.315,31.6,1.25,1,0.769230769
1.47476E+12,4.36896,-84.80075,31.6,0.975,0,0
1.41826E+12,15.50166667,-52.535,31.7,1.25,61,46.92307692
1.41661E+12,17.04296667,-32.85393333,31.7,1.2,5,4
1.41774E+12,14.12461667,-60.83735,31.8,1.2,7,5.6
1.41687E+12,16.85586667,-40.45415,32,1.2,4,3.2
1.47839E+12,-8.652212634,119.7130182,32,1.315,3,2.281368821
1.41782E+12,17.31483333,-45.49983333,32.1,1.2,21,16.8
1.41808E+12,16.91666667,-49.28333333,32.1,1.2,6,4.8
1.41705E+12,16.4895,-47.21433333,32.1,1.2,3,2.4
1.41765E+12,17.58728333,-46.47501667,32.1,1.2,1,0.8
1.41808E+12,15.17666667,-53.27716667,32.6,1.2,7,5.6
1.41782E+12,15.4108,-53.83721667,32.6,1.25,0,0
1.47632E+12,-10.4311,-133.32085,32.6,1.05,0,0
1.41713E+12,21.22466667,-22.70683333,32.7,1.15,10,8.333333333
1.41748E+12,14.82875,-58.0586,33,1.2,4,3.2
1.41731E+12,15.88,-53.56283333,33,1.2,4,3.2
1.47684E+12,-12.961,-143.765,33,0.975,0,0
1.41817E+12,14.76816667,-55.98583333,33.1,1.05,15,13.63636364
1.41765E+12,12.478,-87.261,33.1,1.15,12,10
1.41679E+12,13.254,-88.909,33.1,1.2,9,7.2
1.41834E+12,14.96666667,-56.96666667,33.1,1.2,2,1.6
1.41826E+12,14.48133333,-58.01616667,33.6,1.15,22,18.33333333
1.41601E+12,15.757,-96.117,33.6,1.15,2,1.666666667
1.41834E+12,14.85266667,-60.50233333,33.6,1.15,2,1.666666667
1.418E+12,13.85556667,-59.91851667,33.6,1.25,2,1.538461538
1.41817E+12,9.597,-84.679,33.6,1.25,0,0
1.47709E+12,-16.7579,-147.562,33.6,1.075,0,0
1.43839E+12,38.14138889,-76.61333333,34,1.3,6,4.615384615
1.41506E+12,17.883,-102.426,34.5,1.2,9,7.2
1.41445E+12,20.763,-105.521,35,1.25,6,4.615384615
1.41817E+12,14.9766,-50.55616667,38.4,1.1,2,1.739130435
1.41566E+12,24.52756667,-17.95046667,72.3,1.2,56,44.8
1.41592E+12,19.93901667,-22.13566667,74.3,1.2,28,22.4
1.45212E+12,18.2243,-64.31981,78,0.95,0,0
1.41661E+12,16.9637,-32.65483333,78.4,1.2,25,20
1.41722E+12,14.46568333,-50.56018333,80.1,1.2,179,143.2
1.41696E+12,15.59491667,-42.74123333,80.1,1.2,27,21.6
1.4167E+12,17.665,-35.24833333,83.2,1.2,15,12
1.41696E+12,17.01166667,-42.68833333,83.8,1.2,28,22.4
1.41722E+12,16.03,-49.88166667,84.8,1.2,42,33.6
